{
  "id": "4894228",
  "name": "nav",
  "font_family": "iconfont",
  "css_prefix_text": "icon-",
  "description": "",
  "glyphs": [
    {
      "icon_id": "7889329",
      "name": "框架",
      "font_class": "kuangjia",
      "unicode": "e622",
      "unicode_decimal": 58914
    },
    {
      "icon_id": "10056255",
      "name": "服务器",
      "font_class": "fuwuqi",
      "unicode": "e70c",
      "unicode_decimal": 59148
    },
    {
      "icon_id": "11796944",
      "name": "后端开发",
      "font_class": "houduankaifa",
      "unicode": "e655",
      "unicode_decimal": 58965
    },
    {
      "icon_id": "18169761",
      "name": "数据库,数据",
      "font_class": "database",
      "unicode": "e940",
      "unicode_decimal": 59712
    },
    {
      "icon_id": "450224",
      "name": "返回顶部",
      "font_class": "fanhuidingbu",
      "unicode": "e638",
      "unicode_decimal": 58936
    },
    {
      "icon_id": "25964454",
      "name": "下载",
      "font_class": "xiazai",
      "unicode": "e665",
      "unicode_decimal": 58981
    },
    {
      "icon_id": "701867",
      "name": "bing",
      "font_class": "bing",
      "unicode": "e69a",
      "unicode_decimal": 59034
    },
    {
      "icon_id": "1272631",
      "name": "添加",
      "font_class": "add-s",
      "unicode": "e637",
      "unicode_decimal": 58935
    },
    {
      "icon_id": "3065041",
      "name": "个人",
      "font_class": "geren",
      "unicode": "e634",
      "unicode_decimal": 58932
    },
    {
      "icon_id": "4937000",
      "name": "github-fill",
      "font_class": "github-fill",
      "unicode": "e885",
      "unicode_decimal": 59525
    },
    {
      "icon_id": "5192953",
      "name": "设计",
      "font_class": "sheji",
      "unicode": "e65e",
      "unicode_decimal": 58974
    },
    {
      "icon_id": "6193800",
      "name": "工具箱",
      "font_class": "gongjuxiang",
      "unicode": "e639",
      "unicode_decimal": 58937
    },
    {
      "icon_id": "6250616",
      "name": "搜索",
      "font_class": "sousuo",
      "unicode": "e70b",
      "unicode_decimal": 59147
    },
    {
      "icon_id": "6256817",
      "name": "谷歌",
      "font_class": "guge",
      "unicode": "e6a0",
      "unicode_decimal": 59040
    },
    {
      "icon_id": "7708055",
      "name": "上传",
      "font_class": "shangchuan",
      "unicode": "e621",
      "unicode_decimal": 58913
    },
    {
      "icon_id": "12911871",
      "name": "添加 加号 无边框",
      "font_class": "tianjiajiahaowubiankuang",
      "unicode": "e60d",
      "unicode_decimal": 58893
    },
    {
      "icon_id": "18166606",
      "name": "百度",
      "font_class": "baidu",
      "unicode": "e8cb",
      "unicode_decimal": 59595
    },
    {
      "icon_id": "18170239",
      "name": "网页代码,网页程序",
      "font_class": "program",
      "unicode": "e991",
      "unicode_decimal": 59793
    },
    {
      "icon_id": "21703365",
      "name": "删除3",
      "font_class": "shanchu",
      "unicode": "e605",
      "unicode_decimal": 58885
    },
    {
      "icon_id": "29983561",
      "name": "网页UI-线性",
      "font_class": "wangyeUI-xianxing",
      "unicode": "e600",
      "unicode_decimal": 58880
    }
  ]
}
